Codigo de Pais,Pais,Periodo,PIB (Millones de Euros),Indicador,Unidad,Anio
AL,Albania,2015,10028.1,B1GQ,CLV10_MEUR,2015
AL,Albania,2016,10420.1,B1GQ,CLV10_MEUR,2016
AL,Albania,2017,10762.2,B1GQ,CLV10_MEUR,2017
AL,Albania,2018,11157.3,B1GQ,CLV10_MEUR,2018
AL,Albania,2019,11387.4,B1GQ,CLV10_MEUR,2019
AL,Albania,2020,11010.1,B1GQ,CLV10_MEUR,2020
AL,Albania,2021,11997.6,B1GQ,CLV10_MEUR,2021
AL,Albania,2022,12576.7,B1GQ,CLV10_MEUR,2022
AL,Albania,2023,13081.7,B1GQ,CLV10_MEUR,2023
AL,Albania,2024,13611.0,B1GQ,CLV10_MEUR,2024
AT,Austria,2015,310082.8,B1GQ,CLV10_MEUR,2015
AT,Austria,2016,316647.9,B1GQ,CLV10_MEUR,2016
AT,Austria,2017,323842.9,B1GQ,CLV10_MEUR,2017
AT,Austria,2018,331887.9,B1GQ,CLV10_MEUR,2018
AT,Austria,2019,337712.4,B1GQ,CLV10_MEUR,2019
AT,Austria,2020,316374.9,B1GQ,CLV10_MEUR,2020
AT,Austria,2021,331950.3,B1GQ,CLV10_MEUR,2021
AT,Austria,2022,349646.5,B1GQ,CLV10_MEUR,2022
AT,Austria,2023,346897.4,B1GQ,CLV10_MEUR,2023
AT,Austria,2024,344611.1,B1GQ,CLV10_MEUR,2024
BA,Bosnia and Herzegovina,2015,14020.2,B1GQ,CLV10_MEUR,2015
BA,Bosnia and Herzegovina,2016,14474.8,B1GQ,CLV10_MEUR,2016
BA,Bosnia and Herzegovina,2017,14944.3,B1GQ,CLV10_MEUR,2017
BA,Bosnia and Herzegovina,2018,15516.6,B1GQ,CLV10_MEUR,2018
BA,Bosnia and Herzegovina,2019,15964.3,B1GQ,CLV10_MEUR,2019
BA,Bosnia and Herzegovina,2020,15483.0,B1GQ,CLV10_MEUR,2020
BA,Bosnia and Herzegovina,2021,16627.5,B1GQ,CLV10_MEUR,2021
BA,Bosnia and Herzegovina,2022,17330.3,B1GQ,CLV10_MEUR,2022
BA,Bosnia and Herzegovina,2023,17675.9,B1GQ,CLV10_MEUR,2023
BA,Bosnia and Herzegovina,2024,18114.3,B1GQ,CLV10_MEUR,2024
BE,Belgium,2015,384344.5,B1GQ,CLV10_MEUR,2015
BE,Belgium,2016,388931.6,B1GQ,CLV10_MEUR,2016
BE,Belgium,2017,394666.3,B1GQ,CLV10_MEUR,2017
BE,Belgium,2018,402078.0,B1GQ,CLV10_MEUR,2018
BE,Belgium,2019,411900.3,B1GQ,CLV10_MEUR,2019
BE,Belgium,2020,392158.0,B1GQ,CLV10_MEUR,2020
BE,Belgium,2021,416685.4,B1GQ,CLV10_MEUR,2021
BE,Belgium,2022,433170.4,B1GQ,CLV10_MEUR,2022
BE,Belgium,2023,440595.5,B1GQ,CLV10_MEUR,2023
BE,Belgium,2024,445311.9,B1GQ,CLV10_MEUR,2024
BG,Bulgaria,2015,40884.6,B1GQ,CLV10_MEUR,2015
BG,Bulgaria,2016,42122.1,B1GQ,CLV10_MEUR,2016
BG,Bulgaria,2017,43278.7,B1GQ,CLV10_MEUR,2017
BG,Bulgaria,2018,44287.2,B1GQ,CLV10_MEUR,2018
BG,Bulgaria,2019,45967.1,B1GQ,CLV10_MEUR,2019
BG,Bulgaria,2020,44526.8,B1GQ,CLV10_MEUR,2020
BG,Bulgaria,2021,48012.5,B1GQ,CLV10_MEUR,2021
BG,Bulgaria,2022,49973.2,B1GQ,CLV10_MEUR,2022
BG,Bulgaria,2023,50813.6,B1GQ,CLV10_MEUR,2023
BG,Bulgaria,2024,52534.7,B1GQ,CLV10_MEUR,2024
CH,Switzerland,2015,493595.9,B1GQ,CLV10_MEUR,2015
CH,Switzerland,2016,503806.9,B1GQ,CLV10_MEUR,2016
CH,Switzerland,2017,510672.7,B1GQ,CLV10_MEUR,2017
CH,Switzerland,2018,525280.3,B1GQ,CLV10_MEUR,2018
CH,Switzerland,2019,531278.9,B1GQ,CLV10_MEUR,2019
CH,Switzerland,2020,519900.3,B1GQ,CLV10_MEUR,2020
CH,Switzerland,2021,548804.7,B1GQ,CLV10_MEUR,2021
CH,Switzerland,2022,565510.7,B1GQ,CLV10_MEUR,2022
CH,Switzerland,2023,569375.0,B1GQ,CLV10_MEUR,2023
CH,Switzerland,2024,576790.1,B1GQ,CLV10_MEUR,2024
CY,Cyprus,2015,17904.4,B1GQ,CLV10_MEUR,2015
CY,Cyprus,2016,19081.4,B1GQ,CLV10_MEUR,2016
CY,Cyprus,2017,20178.7,B1GQ,CLV10_MEUR,2017
CY,Cyprus,2018,21444.3,B1GQ,CLV10_MEUR,2018
CY,Cyprus,2019,22704.3,B1GQ,CLV10_MEUR,2019
CY,Cyprus,2020,21973.0,B1GQ,CLV10_MEUR,2020
CY,Cyprus,2021,24477.4,B1GQ,CLV10_MEUR,2021
CY,Cyprus,2022,26502.6,B1GQ,CLV10_MEUR,2022
CY,Cyprus,2023,27461.9,B1GQ,CLV10_MEUR,2023
CY,Cyprus,2024,28544.1,B1GQ,CLV10_MEUR,2024
CZ,Czechia,2015,172793.5,B1GQ,CLV10_MEUR,2015
CZ,Czechia,2016,177253.0,B1GQ,CLV10_MEUR,2016
CZ,Czechia,2017,186423.3,B1GQ,CLV10_MEUR,2017
CZ,Czechia,2018,191699.7,B1GQ,CLV10_MEUR,2018
CZ,Czechia,2019,198535.3,B1GQ,CLV10_MEUR,2019
CZ,Czechia,2020,188003.2,B1GQ,CLV10_MEUR,2020
CZ,Czechia,2021,195577.9,B1GQ,CLV10_MEUR,2021
CZ,Czechia,2022,201146.3,B1GQ,CLV10_MEUR,2022
CZ,Czechia,2023,201242.0,B1GQ,CLV10_MEUR,2023
CZ,Czechia,2024,203723.5,B1GQ,CLV10_MEUR,2024
DE,Germany,2015,2843119.0,B1GQ,CLV10_MEUR,2015
DE,Germany,2016,2906299.4,B1GQ,CLV10_MEUR,2016
DE,Germany,2017,2987615.0,B1GQ,CLV10_MEUR,2017
DE,Germany,2018,3021545.2,B1GQ,CLV10_MEUR,2018
DE,Germany,2019,3051087.9,B1GQ,CLV10_MEUR,2019
DE,Germany,2020,2925019.6,B1GQ,CLV10_MEUR,2020
DE,Germany,2021,3039387.8,B1GQ,CLV10_MEUR,2021
DE,Germany,2022,3094378.2,B1GQ,CLV10_MEUR,2022
DE,Germany,2023,3067468.0,B1GQ,CLV10_MEUR,2023
DE,Germany,2024,3052257.9,B1GQ,CLV10_MEUR,2024
DK,Denmark,2015,258566.6,B1GQ,CLV10_MEUR,2015
DK,Denmark,2016,266512.4,B1GQ,CLV10_MEUR,2016
DK,Denmark,2017,274658.3,B1GQ,CLV10_MEUR,2017
DK,Denmark,2018,279767.0,B1GQ,CLV10_MEUR,2018
DK,Denmark,2019,284554.9,B1GQ,CLV10_MEUR,2019
DK,Denmark,2020,279489.5,B1GQ,CLV10_MEUR,2020
DK,Denmark,2021,297657.1,B1GQ,CLV10_MEUR,2021
DK,Denmark,2022,298978.2,B1GQ,CLV10_MEUR,2022
DK,Denmark,2023,300785.8,B1GQ,CLV10_MEUR,2023
DK,Denmark,2024,311246.6,B1GQ,CLV10_MEUR,2024
EA,"Euro area (EA11-1999, EA12-2001, EA13-2007, EA15-2008, EA16-2009, EA17-2011, EA18-2014, EA19-2015, EA20-2023)",2015,10002243.6,B1GQ,CLV10_MEUR,2015
EA,"Euro area (EA11-1999, EA12-2001, EA13-2007, EA15-2008, EA16-2009, EA17-2011, EA18-2014, EA19-2015, EA20-2023)",2016,10181721.1,B1GQ,CLV10_MEUR,2016
EA,"Euro area (EA11-1999, EA12-2001, EA13-2007, EA15-2008, EA16-2009, EA17-2011, EA18-2014, EA19-2015, EA20-2023)",2017,10448284.6,B1GQ,CLV10_MEUR,2017
EA,"Euro area (EA11-1999, EA12-2001, EA13-2007, EA15-2008, EA16-2009, EA17-2011, EA18-2014, EA19-2015, EA20-2023)",2018,10633630.5,B1GQ,CLV10_MEUR,2018
EA,"Euro area (EA11-1999, EA12-2001, EA13-2007, EA15-2008, EA16-2009, EA17-2011, EA18-2014, EA19-2015, EA20-2023)",2019,10805308.3,B1GQ,CLV10_MEUR,2019
EA,"Euro area (EA11-1999, EA12-2001, EA13-2007, EA15-2008, EA16-2009, EA17-2011, EA18-2014, EA19-2015, EA20-2023)",2020,10155521.7,B1GQ,CLV10_MEUR,2020
EA,"Euro area (EA11-1999, EA12-2001, EA13-2007, EA15-2008, EA16-2009, EA17-2011, EA18-2014, EA19-2015, EA20-2023)",2021,10803476.0,B1GQ,CLV10_MEUR,2021
EA,"Euro area (EA11-1999, EA12-2001, EA13-2007, EA15-2008, EA16-2009, EA17-2011, EA18-2014, EA19-2015, EA20-2023)",2022,11194681.2,B1GQ,CLV10_MEUR,2022
EA,"Euro area (EA11-1999, EA12-2001, EA13-2007, EA15-2008, EA16-2009, EA17-2011, EA18-2014, EA19-2015, EA20-2023)",2023,11302135.8,B1GQ,CLV10_MEUR,2023
EA,"Euro area (EA11-1999, EA12-2001, EA13-2007, EA15-2008, EA16-2009, EA17-2011, EA18-2014, EA19-2015, EA20-2023)",2024,11403065.0,B1GQ,CLV10_MEUR,2024
EA12,Euro area - 12 countries (2001-2006),2015,9787508.1,B1GQ,CLV10_MEUR,2015
EA12,Euro area - 12 countries (2001-2006),2016,9960802.2,B1GQ,CLV10_MEUR,2016
EA12,Euro area - 12 countries (2001-2006),2017,10217298.4,B1GQ,CLV10_MEUR,2017
EA12,Euro area - 12 countries (2001-2006),2018,10391986.8,B1GQ,CLV10_MEUR,2018
EA12,Euro area - 12 countries (2001-2006),2019,10555737.1,B1GQ,CLV10_MEUR,2019
EA12,Euro area - 12 countries (2001-2006),2020,9912169.8,B1GQ,CLV10_MEUR,2020
EA12,Euro area - 12 countries (2001-2006),2021,10541878.0,B1GQ,CLV10_MEUR,2021
EA12,Euro area - 12 countries (2001-2006),2022,10928224.1,B1GQ,CLV10_MEUR,2022
EA12,Euro area - 12 countries (2001-2006),2023,10971944.2,B1GQ,CLV10_MEUR,2023
EA12,Euro area - 12 countries (2001-2006),2024,11064346.1,B1GQ,CLV10_MEUR,2024
EA19,Euro area - 19 countries  (2015-2022),2015,10002243.6,B1GQ,CLV10_MEUR,2015
EA19,Euro area - 19 countries  (2015-2022),2016,10181721.1,B1GQ,CLV10_MEUR,2016
EA19,Euro area - 19 countries  (2015-2022),2017,10448284.6,B1GQ,CLV10_MEUR,2017
EA19,Euro area - 19 countries  (2015-2022),2018,10633630.5,B1GQ,CLV10_MEUR,2018
EA19,Euro area - 19 countries  (2015-2022),2019,10805308.3,B1GQ,CLV10_MEUR,2019
EA19,Euro area - 19 countries  (2015-2022),2020,10155521.7,B1GQ,CLV10_MEUR,2020
EA19,Euro area - 19 countries  (2015-2022),2021,10803476.0,B1GQ,CLV10_MEUR,2021
EA19,Euro area - 19 countries  (2015-2022),2022,11194681.2,B1GQ,CLV10_MEUR,2022
EA19,Euro area - 19 countries  (2015-2022),2023,11243065.9,B1GQ,CLV10_MEUR,2023
EA19,Euro area - 19 countries  (2015-2022),2024,11341676.7,B1GQ,CLV10_MEUR,2024
EA20,Euro area – 20 countries (from 2023),2015,10047910.4,B1GQ,CLV10_MEUR,2015
EA20,Euro area – 20 countries (from 2023),2016,10228924.1,B1GQ,CLV10_MEUR,2016
EA20,Euro area – 20 countries (from 2023),2017,10497019.3,B1GQ,CLV10_MEUR,2017
EA20,Euro area – 20 countries (from 2023),2018,10683756.9,B1GQ,CLV10_MEUR,2018
EA20,Euro area – 20 countries (from 2023),2019,10856961.2,B1GQ,CLV10_MEUR,2019
EA20,Euro area – 20 countries (from 2023),2020,10202922.8,B1GQ,CLV10_MEUR,2020
EA20,Euro area – 20 countries (from 2023),2021,10856686.5,B1GQ,CLV10_MEUR,2021
EA20,Euro area – 20 countries (from 2023),2022,11251663.9,B1GQ,CLV10_MEUR,2022
EA20,Euro area – 20 countries (from 2023),2023,11302135.8,B1GQ,CLV10_MEUR,2023
EA20,Euro area – 20 countries (from 2023),2024,11403065.0,B1GQ,CLV10_MEUR,2024
EE,Estonia,2015,17608.4,B1GQ,CLV10_MEUR,2015
EE,Estonia,2016,18153.0,B1GQ,CLV10_MEUR,2016
EE,Estonia,2017,19175.9,B1GQ,CLV10_MEUR,2017
EE,Estonia,2018,19885.4,B1GQ,CLV10_MEUR,2018
EE,Estonia,2019,20626.4,B1GQ,CLV10_MEUR,2019
EE,Estonia,2020,20031.6,B1GQ,CLV10_MEUR,2020
EE,Estonia,2021,21685.2,B1GQ,CLV10_MEUR,2021
EE,Estonia,2022,21419.3,B1GQ,CLV10_MEUR,2022
EE,Estonia,2023,20831.5,B1GQ,CLV10_MEUR,2023
EE,Estonia,2024,20812.7,B1GQ,CLV10_MEUR,2024
EL,Greece,2015,181536.8,B1GQ,CLV10_MEUR,2015
EL,Greece,2016,181479.1,B1GQ,CLV10_MEUR,2016
EL,Greece,2017,184152.5,B1GQ,CLV10_MEUR,2017
EL,Greece,2018,187954.7,B1GQ,CLV10_MEUR,2018
EL,Greece,2019,192234.8,B1GQ,CLV10_MEUR,2019
EL,Greece,2020,174556.4,B1GQ,CLV10_MEUR,2020
EL,Greece,2021,189663.4,B1GQ,CLV10_MEUR,2021
EL,Greece,2022,200136.6,B1GQ,CLV10_MEUR,2022
EL,Greece,2023,204411.3,B1GQ,CLV10_MEUR,2023
EL,Greece,2024,208676.5,B1GQ,CLV10_MEUR,2024
ES,Spain,2015,1082577.6,B1GQ,CLV10_MEUR,2015
ES,Spain,2016,1114136.4,B1GQ,CLV10_MEUR,2016
ES,Spain,2017,1146402.2,B1GQ,CLV10_MEUR,2017
ES,Spain,2018,1173863.3,B1GQ,CLV10_MEUR,2018
ES,Spain,2019,1196884.8,B1GQ,CLV10_MEUR,2019
ES,Spain,2020,1065944.8,B1GQ,CLV10_MEUR,2020
ES,Spain,2021,1137183.4,B1GQ,CLV10_MEUR,2021
ES,Spain,2022,1209625.6,B1GQ,CLV10_MEUR,2022
ES,Spain,2023,1239392.8,B1GQ,CLV10_MEUR,2023
ES,Spain,2024,1282216.9,B1GQ,CLV10_MEUR,2024
EU27_2020,European Union - 27 countries (from 2020),2015,11612341.8,B1GQ,CLV10_MEUR,2015
EU27_2020,European Union - 27 countries (from 2020),2016,11835290.9,B1GQ,CLV10_MEUR,2016
EU27_2020,European Union - 27 countries (from 2020),2017,12168295.7,B1GQ,CLV10_MEUR,2017
EU27_2020,European Union - 27 countries (from 2020),2018,12417211.6,B1GQ,CLV10_MEUR,2018
EU27_2020,European Union - 27 countries (from 2020),2019,12650098.0,B1GQ,CLV10_MEUR,2019
EU27_2020,European Union - 27 countries (from 2020),2020,11946518.7,B1GQ,CLV10_MEUR,2020
EU27_2020,European Union - 27 countries (from 2020),2021,12705292.9,B1GQ,CLV10_MEUR,2021
EU27_2020,European Union - 27 countries (from 2020),2022,13155700.7,B1GQ,CLV10_MEUR,2022
EU27_2020,European Union - 27 countries (from 2020),2023,13213544.4,B1GQ,CLV10_MEUR,2023
EU27_2020,European Union - 27 countries (from 2020),2024,13353133.7,B1GQ,CLV10_MEUR,2024
FI,Finland,2015,187826.2,B1GQ,CLV10_MEUR,2015
FI,Finland,2016,192657.0,B1GQ,CLV10_MEUR,2016
FI,Finland,2017,199021.1,B1GQ,CLV10_MEUR,2017
FI,Finland,2018,201395.4,B1GQ,CLV10_MEUR,2018
FI,Finland,2019,204113.7,B1GQ,CLV10_MEUR,2019
FI,Finland,2020,199029.2,B1GQ,CLV10_MEUR,2020
FI,Finland,2021,204355.9,B1GQ,CLV10_MEUR,2021
FI,Finland,2022,205915.2,B1GQ,CLV10_MEUR,2022
FI,Finland,2023,203981.5,B1GQ,CLV10_MEUR,2023
FI,Finland,2024,204830.4,B1GQ,CLV10_MEUR,2024
FR,France,2015,2107347.3,B1GQ,CLV10_MEUR,2015
FR,France,2016,2125471.2,B1GQ,CLV10_MEUR,2016
FR,France,2017,2169757.8,B1GQ,CLV10_MEUR,2017
FR,France,2018,2205470.1,B1GQ,CLV10_MEUR,2018
FR,France,2019,2250184.8,B1GQ,CLV10_MEUR,2019
FR,France,2020,2082756.5,B1GQ,CLV10_MEUR,2020
FR,France,2021,2226098.8,B1GQ,CLV10_MEUR,2021
FR,France,2022,2286576.7,B1GQ,CLV10_MEUR,2022
FR,France,2023,2319485.4,B1GQ,CLV10_MEUR,2023
FR,France,2024,2347098.1,B1GQ,CLV10_MEUR,2024
HR,Croatia,2015,45629.5,B1GQ,CLV10_MEUR,2015
HR,Croatia,2016,47211.3,B1GQ,CLV10_MEUR,2016
HR,Croatia,2017,48761.7,B1GQ,CLV10_MEUR,2017
HR,Croatia,2018,50181.1,B1GQ,CLV10_MEUR,2018
HR,Croatia,2019,51737.5,B1GQ,CLV10_MEUR,2019
HR,Croatia,2020,47437.7,B1GQ,CLV10_MEUR,2020
HR,Croatia,2021,53430.1,B1GQ,CLV10_MEUR,2021
HR,Croatia,2022,57327.6,B1GQ,CLV10_MEUR,2022
HR,Croatia,2023,59484.0,B1GQ,CLV10_MEUR,2023
HR,Croatia,2024,61760.4,B1GQ,CLV10_MEUR,2024
HU,Hungary,2015,110474.2,B1GQ,CLV10_MEUR,2015
HU,Hungary,2016,113168.3,B1GQ,CLV10_MEUR,2016
HU,Hungary,2017,117835.6,B1GQ,CLV10_MEUR,2017
HU,Hungary,2018,124441.6,B1GQ,CLV10_MEUR,2018
HU,Hungary,2019,130759.7,B1GQ,CLV10_MEUR,2019
HU,Hungary,2020,125086.4,B1GQ,CLV10_MEUR,2020
HU,Hungary,2021,134121.3,B1GQ,CLV10_MEUR,2021
HU,Hungary,2022,139690.5,B1GQ,CLV10_MEUR,2022
HU,Hungary,2023,138549.1,B1GQ,CLV10_MEUR,2023
HU,Hungary,2024,139325.1,B1GQ,CLV10_MEUR,2024
IE,Ireland,2015,235793.4,B1GQ,CLV10_MEUR,2015
IE,Ireland,2016,238676.5,B1GQ,CLV10_MEUR,2016
IE,Ireland,2017,262804.0,B1GQ,CLV10_MEUR,2017
IE,Ireland,2018,283010.1,B1GQ,CLV10_MEUR,2018
IE,Ireland,2019,297083.9,B1GQ,CLV10_MEUR,2019
IE,Ireland,2020,318336.3,B1GQ,CLV10_MEUR,2020
IE,Ireland,2021,370092.1,B1GQ,CLV10_MEUR,2021
IE,Ireland,2022,397890.2,B1GQ,CLV10_MEUR,2022
IE,Ireland,2023,387798.2,B1GQ,CLV10_MEUR,2023
IE,Ireland,2024,397878.9,B1GQ,CLV10_MEUR,2024
IS,Iceland,2015,11813.3,B1GQ,CLV10_MEUR,2015
IS,Iceland,2016,12547.8,B1GQ,CLV10_MEUR,2016
IS,Iceland,2017,12985.1,B1GQ,CLV10_MEUR,2017
IS,Iceland,2018,13590.4,B1GQ,CLV10_MEUR,2018
IS,Iceland,2019,13745.0,B1GQ,CLV10_MEUR,2019
IS,Iceland,2020,12831.6,B1GQ,CLV10_MEUR,2020
IS,Iceland,2021,13496.3,B1GQ,CLV10_MEUR,2021
IS,Iceland,2022,14686.8,B1GQ,CLV10_MEUR,2022
IS,Iceland,2023,15448.5,B1GQ,CLV10_MEUR,2023
IS,Iceland,2024,15298.5,B1GQ,CLV10_MEUR,2024
IT,Italy,2015,1563289.6,B1GQ,CLV10_MEUR,2015
IT,Italy,2016,1582615.3,B1GQ,CLV10_MEUR,2016
IT,Italy,2017,1607995.7,B1GQ,CLV10_MEUR,2017
IT,Italy,2018,1621288.1,B1GQ,CLV10_MEUR,2018
IT,Italy,2019,1628246.1,B1GQ,CLV10_MEUR,2019
IT,Italy,2020,1483849.6,B1GQ,CLV10_MEUR,2020
IT,Italy,2021,1616373.2,B1GQ,CLV10_MEUR,2021
IT,Italy,2022,1694301.4,B1GQ,CLV10_MEUR,2022
IT,Italy,2023,1710832.6,B1GQ,CLV10_MEUR,2023
IT,Italy,2024,1722683.1,B1GQ,CLV10_MEUR,2024
LT,Lithuania,2015,34088.6,B1GQ,CLV10_MEUR,2015
LT,Lithuania,2016,34999.4,B1GQ,CLV10_MEUR,2016
LT,Lithuania,2017,36613.6,B1GQ,CLV10_MEUR,2017
LT,Lithuania,2018,38414.4,B1GQ,CLV10_MEUR,2018
LT,Lithuania,2019,40211.2,B1GQ,CLV10_MEUR,2019
LT,Lithuania,2020,40228.4,B1GQ,CLV10_MEUR,2020
LT,Lithuania,2021,42801.0,B1GQ,CLV10_MEUR,2021
LT,Lithuania,2022,43856.1,B1GQ,CLV10_MEUR,2022
LT,Lithuania,2023,44180.5,B1GQ,CLV10_MEUR,2023
LT,Lithuania,2024,45519.2,B1GQ,CLV10_MEUR,2024
LU,Luxembourg,2015,47159.1,B1GQ,CLV10_MEUR,2015
LU,Luxembourg,2016,49506.8,B1GQ,CLV10_MEUR,2016
LU,Luxembourg,2017,50158.9,B1GQ,CLV10_MEUR,2017
LU,Luxembourg,2018,50967.1,B1GQ,CLV10_MEUR,2018
LU,Luxembourg,2019,52368.4,B1GQ,CLV10_MEUR,2019
LU,Luxembourg,2020,52101.3,B1GQ,CLV10_MEUR,2020
LU,Luxembourg,2021,55711.7,B1GQ,CLV10_MEUR,2021
LU,Luxembourg,2022,55100.3,B1GQ,CLV10_MEUR,2022
LU,Luxembourg,2023,55155.1,B1GQ,CLV10_MEUR,2023
LU,Luxembourg,2024,55352.9,B1GQ,CLV10_MEUR,2024
LV,Latvia,2015,21017.4,B1GQ,CLV10_MEUR,2015
LV,Latvia,2016,21553.7,B1GQ,CLV10_MEUR,2016
LV,Latvia,2017,22286.3,B1GQ,CLV10_MEUR,2017
LV,Latvia,2018,23246.8,B1GQ,CLV10_MEUR,2018
LV,Latvia,2019,23403.8,B1GQ,CLV10_MEUR,2019
LV,Latvia,2020,22591.9,B1GQ,CLV10_MEUR,2020
LV,Latvia,2021,24160.3,B1GQ,CLV10_MEUR,2021
LV,Latvia,2022,24621.4,B1GQ,CLV10_MEUR,2022
LV,Latvia,2023,24389.6,B1GQ,CLV10_MEUR,2023
LV,Latvia,2024,24378.3,B1GQ,CLV10_MEUR,2024
ME,Montenegro,2015,3414.4,B1GQ,CLV10_MEUR,2015
ME,Montenegro,2016,3531.8,B1GQ,CLV10_MEUR,2016
ME,Montenegro,2017,3645.4,B1GQ,CLV10_MEUR,2017
ME,Montenegro,2018,3817.9,B1GQ,CLV10_MEUR,2018
ME,Montenegro,2019,3985.7,B1GQ,CLV10_MEUR,2019
ME,Montenegro,2020,3388.1,B1GQ,CLV10_MEUR,2020
ME,Montenegro,2021,3830.1,B1GQ,CLV10_MEUR,2021
ME,Montenegro,2022,4126.6,B1GQ,CLV10_MEUR,2022
ME,Montenegro,2023,4393.9,B1GQ,CLV10_MEUR,2023
ME,Montenegro,2024,4532.9,B1GQ,CLV10_MEUR,2024
MK,North Macedonia,2015,8021.6,B1GQ,CLV10_MEUR,2015
MK,North Macedonia,2016,8250.0,B1GQ,CLV10_MEUR,2016
MK,North Macedonia,2017,8339.3,B1GQ,CLV10_MEUR,2017
MK,North Macedonia,2018,8579.5,B1GQ,CLV10_MEUR,2018
MK,North Macedonia,2019,8915.0,B1GQ,CLV10_MEUR,2019
MK,North Macedonia,2020,8497.0,B1GQ,CLV10_MEUR,2020
MK,North Macedonia,2021,8880.3,B1GQ,CLV10_MEUR,2021
MK,North Macedonia,2022,9125.3,B1GQ,CLV10_MEUR,2022
MK,North Macedonia,2023,9358.4,B1GQ,CLV10_MEUR,2023
MK,North Macedonia,2024,9638.6,B1GQ,CLV10_MEUR,2024
MT,Malta,2015,9047.5,B1GQ,CLV10_MEUR,2015
MT,Malta,2016,9416.5,B1GQ,CLV10_MEUR,2016
MT,Malta,2017,10637.9,B1GQ,CLV10_MEUR,2017
MT,Malta,2018,11402.7,B1GQ,CLV10_MEUR,2018
MT,Malta,2019,11868.5,B1GQ,CLV10_MEUR,2019
MT,Malta,2020,11458.2,B1GQ,CLV10_MEUR,2020
MT,Malta,2021,12994.9,B1GQ,CLV10_MEUR,2021
MT,Malta,2022,13317.6,B1GQ,CLV10_MEUR,2022
MT,Malta,2023,14732.1,B1GQ,CLV10_MEUR,2023
MT,Malta,2024,15733.9,B1GQ,CLV10_MEUR,2024
NL,Netherlands,2015,672236.0,B1GQ,CLV10_MEUR,2015
NL,Netherlands,2016,688532.9,B1GQ,CLV10_MEUR,2016
NL,Netherlands,2017,707684.8,B1GQ,CLV10_MEUR,2017
NL,Netherlands,2018,723669.6,B1GQ,CLV10_MEUR,2018
NL,Netherlands,2019,740314.6,B1GQ,CLV10_MEUR,2019
NL,Netherlands,2020,711679.6,B1GQ,CLV10_MEUR,2020
NL,Netherlands,2021,756350.5,B1GQ,CLV10_MEUR,2021
NL,Netherlands,2022,794222.8,B1GQ,CLV10_MEUR,2022
NL,Netherlands,2023,789472.6,B1GQ,CLV10_MEUR,2023
NL,Netherlands,2024,798006.8,B1GQ,CLV10_MEUR,2024
NO,Norway,2015,354938.5,B1GQ,CLV10_MEUR,2015
NO,Norway,2016,359072.5,B1GQ,CLV10_MEUR,2016
NO,Norway,2017,367919.2,B1GQ,CLV10_MEUR,2017
NO,Norway,2018,370969.0,B1GQ,CLV10_MEUR,2018
NO,Norway,2019,375137.7,B1GQ,CLV10_MEUR,2019
NO,Norway,2020,370342.8,B1GQ,CLV10_MEUR,2020
NO,Norway,2021,384818.4,B1GQ,CLV10_MEUR,2021
NO,Norway,2022,397310.4,B1GQ,CLV10_MEUR,2022
NO,Norway,2023,397597.0,B1GQ,CLV10_MEUR,2023
NO,Norway,2024,405935.5,B1GQ,CLV10_MEUR,2024
PL,Poland,2015,421339.5,B1GQ,CLV10_MEUR,2015
PL,Poland,2016,434111.0,B1GQ,CLV10_MEUR,2016
PL,Poland,2017,456478.4,B1GQ,CLV10_MEUR,2017
PL,Poland,2018,484989.4,B1GQ,CLV10_MEUR,2018
PL,Poland,2019,507204.1,B1GQ,CLV10_MEUR,2019
PL,Poland,2020,496879.7,B1GQ,CLV10_MEUR,2020
PL,Poland,2021,531299.4,B1GQ,CLV10_MEUR,2021
PL,Poland,2022,559221.6,B1GQ,CLV10_MEUR,2022
PL,Poland,2023,560617.5,B1GQ,CLV10_MEUR,2023
PL,Poland,2024,577595.3,B1GQ,CLV10_MEUR,2024
PT,Portugal,2015,171883.0,B1GQ,CLV10_MEUR,2015
PT,Portugal,2016,175327.8,B1GQ,CLV10_MEUR,2016
PT,Portugal,2017,181139.4,B1GQ,CLV10_MEUR,2017
PT,Portugal,2018,186476.3,B1GQ,CLV10_MEUR,2018
PT,Portugal,2019,191596.4,B1GQ,CLV10_MEUR,2019
PT,Portugal,2020,175876.6,B1GQ,CLV10_MEUR,2020
PT,Portugal,2021,185653.2,B1GQ,CLV10_MEUR,2021
PT,Portugal,2022,198622.6,B1GQ,CLV10_MEUR,2022
PT,Portugal,2023,204779.8,B1GQ,CLV10_MEUR,2023
PT,Portugal,2024,209161.5,B1GQ,CLV10_MEUR,2024
RO,Romania,2015,147149.0,B1GQ,CLV10_MEUR,2015
RO,Romania,2016,151357.4,B1GQ,CLV10_MEUR,2016
RO,Romania,2017,163761.8,B1GQ,CLV10_MEUR,2017
RO,Romania,2018,172596.0,B1GQ,CLV10_MEUR,2018
RO,Romania,2019,179431.3,B1GQ,CLV10_MEUR,2019
RO,Romania,2020,172975.3,B1GQ,CLV10_MEUR,2020
RO,Romania,2021,182640.1,B1GQ,CLV10_MEUR,2021
RO,Romania,2022,190288.5,B1GQ,CLV10_MEUR,2022
RO,Romania,2023,194584.7,B1GQ,CLV10_MEUR,2023
RO,Romania,2024,196367.1,B1GQ,CLV10_MEUR,2024
RS,Serbia,2015,32686.0,B1GQ,CLV10_MEUR,2015
RS,Serbia,2016,33658.5,B1GQ,CLV10_MEUR,2016
RS,Serbia,2017,34454.0,B1GQ,CLV10_MEUR,2017
RS,Serbia,2018,36055.9,B1GQ,CLV10_MEUR,2018
RS,Serbia,2019,37768.6,B1GQ,CLV10_MEUR,2019
RS,Serbia,2020,37409.8,B1GQ,CLV10_MEUR,2020
RS,Serbia,2021,40383.5,B1GQ,CLV10_MEUR,2021
RS,Serbia,2022,41475.3,B1GQ,CLV10_MEUR,2022
RS,Serbia,2023,43029.8,B1GQ,CLV10_MEUR,2023
RS,Serbia,2024,44729.4,B1GQ,CLV10_MEUR,2024
SE,Sweden,2015,413175.5,B1GQ,CLV10_MEUR,2015
SE,Sweden,2016,421981.0,B1GQ,CLV10_MEUR,2016
SE,Sweden,2017,429926.2,B1GQ,CLV10_MEUR,2017
SE,Sweden,2018,437536.9,B1GQ,CLV10_MEUR,2018
SE,Sweden,2019,448948.9,B1GQ,CLV10_MEUR,2019
SE,Sweden,2020,440267.2,B1GQ,CLV10_MEUR,2020
SE,Sweden,2021,463274.9,B1GQ,CLV10_MEUR,2021
SE,Sweden,2022,469091.0,B1GQ,CLV10_MEUR,2022
SE,Sweden,2023,468133.8,B1GQ,CLV10_MEUR,2023
SE,Sweden,2024,471972.8,B1GQ,CLV10_MEUR,2024
SI,Slovenia,2015,36763.5,B1GQ,CLV10_MEUR,2015
SI,Slovenia,2016,37879.1,B1GQ,CLV10_MEUR,2016
SI,Slovenia,2017,39839.1,B1GQ,CLV10_MEUR,2017
SI,Slovenia,2018,41583.7,B1GQ,CLV10_MEUR,2018
SI,Slovenia,2019,43041.3,B1GQ,CLV10_MEUR,2019
SI,Slovenia,2020,41283.0,B1GQ,CLV10_MEUR,2020
SI,Slovenia,2021,44757.8,B1GQ,CLV10_MEUR,2021
SI,Slovenia,2022,45952.1,B1GQ,CLV10_MEUR,2022
SI,Slovenia,2023,47043.9,B1GQ,CLV10_MEUR,2023
SI,Slovenia,2024,47858.4,B1GQ,CLV10_MEUR,2024
SK,Slovakia,2015,77883.2,B1GQ,CLV10_MEUR,2015
SK,Slovakia,2016,79400.3,B1GQ,CLV10_MEUR,2016
SK,Slovakia,2017,81682.8,B1GQ,CLV10_MEUR,2017
SK,Slovakia,2018,85000.9,B1GQ,CLV10_MEUR,2018
SK,Slovakia,2019,86935.4,B1GQ,CLV10_MEUR,2019
SK,Slovakia,2020,84687.7,B1GQ,CLV10_MEUR,2020
SK,Slovakia,2021,89477.5,B1GQ,CLV10_MEUR,2021
SK,Slovakia,2022,89964.8,B1GQ,CLV10_MEUR,2022
SK,Slovakia,2023,91865.4,B1GQ,CLV10_MEUR,2023
SK,Slovakia,2024,93646.4,B1GQ,CLV10_MEUR,2024
TR,Türkiye,2015,822658.2,B1GQ,CLV10_MEUR,2015
TR,Türkiye,2016,850000.6,B1GQ,CLV10_MEUR,2016
TR,Türkiye,2017,916520.5,B1GQ,CLV10_MEUR,2017
TR,Türkiye,2018,948306.8,B1GQ,CLV10_MEUR,2018
TR,Türkiye,2019,960650.2,B1GQ,CLV10_MEUR,2019
TR,Türkiye,2020,977971.3,B1GQ,CLV10_MEUR,2020
TR,Türkiye,2021,1093480.4,B1GQ,CLV10_MEUR,2021
TR,Türkiye,2022,1152979.2,B1GQ,CLV10_MEUR,2022
TR,Türkiye,2023,1211148.4,B1GQ,CLV10_MEUR,2023
TR,Türkiye,2024,1251450.8,B1GQ,CLV10_MEUR,2024
UA,Ukraine,2015,91135.1,B1GQ,CLV10_MEUR,2015
UA,Ukraine,2016,93359.7,B1GQ,CLV10_MEUR,2016
UA,Ukraine,2017,95563.0,B1GQ,CLV10_MEUR,2017
UA,Ukraine,2018,98896.6,B1GQ,CLV10_MEUR,2018
UA,Ukraine,2019,102060.8,B1GQ,CLV10_MEUR,2019
UA,Ukraine,2020,98230.6,B1GQ,CLV10_MEUR,2020
UA,Ukraine,2021,101615.3,B1GQ,CLV10_MEUR,2021
UA,Ukraine,2022,72392.2,B1GQ,CLV10_MEUR,2022
UA,Ukraine,2023,76398.9,B1GQ,CLV10_MEUR,2023
UK,United Kingdom,2015,2069251.0,B1GQ,CLV10_MEUR,2015
UK,United Kingdom,2016,2104891.5,B1GQ,CLV10_MEUR,2016
UK,United Kingdom,2017,2141523.2,B1GQ,CLV10_MEUR,2017
UK,United Kingdom,2018,2168347.7,B1GQ,CLV10_MEUR,2018
UK,United Kingdom,2019,2198071.7,B1GQ,CLV10_MEUR,2019
XK,Kosovo*,2015,5026.5,B1GQ,CLV10_MEUR,2015
XK,Kosovo*,2016,5306.5,B1GQ,CLV10_MEUR,2016
XK,Kosovo*,2017,5562.6,B1GQ,CLV10_MEUR,2017
XK,Kosovo*,2018,5752.1,B1GQ,CLV10_MEUR,2018
XK,Kosovo*,2019,6025.7,B1GQ,CLV10_MEUR,2019
XK,Kosovo*,2020,5703.9,B1GQ,CLV10_MEUR,2020
XK,Kosovo*,2021,6316.9,B1GQ,CLV10_MEUR,2021
XK,Kosovo*,2022,6587.2,B1GQ,CLV10_MEUR,2022
XK,Kosovo*,2023,6855.2,B1GQ,CLV10_MEUR,2023
XK,Kosovo*,2024,7168.7,B1GQ,CLV10_MEUR,2024
